{"cameraMode":{"drawMode":0,"name":"Shaded","section":"Shading Mode"},"sceneLighting":true,"audioPlay":false,"sceneViewState":{"showFog":true,"showMaterialUpdate":false,"showSkybox":true,"showFlares":true,"showImageEffects":true,"showParticleSystems":true},"in2DMode":false,"pivot":{"x":-0.8905062675476074,"y":1.1440856456756592,"z":-3.053609848022461},"rotation":{"x":-0.1630008965730667,"y":0.7916322946548462,"z":-0.2399532049894333,"w":-0.5377567410469055},"size":4.357883930206299,"orthographic":false}