{"cameraMode":{"drawMode":0,"name":"Shaded","section":"Shading Mode"},"sceneLighting":true,"audioPlay":false,"sceneViewState":{"showFog":true,"showMaterialUpdate":false,"showSkybox":true,"showFlares":true,"showImageEffects":true,"showParticleSystems":true},"in2DMode":false,"pivot":{"x":-2.4973950386047365,"y":2.1697959899902345,"z":0.17088592052459718},"rotation":{"x":-0.1089368537068367,"y":0.8896384239196777,"z":-0.285770058631897,"w":-0.3391341269016266},"size":10.0,"orthographic":false}