{"cameraMode":{"drawMode":0,"name":"Shaded","section":"Shading Mode"},"sceneLighting":true,"audioPlay":false,"sceneViewState":{"showFog":true,"showMaterialUpdate":false,"showSkybox":true,"showFlares":true,"showImageEffects":true,"showParticleSystems":true},"in2DMode":false,"pivot":{"x":130.30206298828126,"y":3.499105453491211,"z":50.667510986328128},"rotation":{"x":-0.1992758959531784,"y":0.7378868460655212,"z":-0.24683094024658204,"w":-0.5957239866256714},"size":3.4574522972106935,"orthographic":false}