{"cameraMode":{"drawMode":0,"name":"Shaded","section":"Shading Mode"},"sceneLighting":true,"audioPlay":false,"sceneViewState":{"showFog":true,"showMaterialUpdate":true,"showSkybox":true,"showFlares":true,"showImageEffects":true,"showParticleSystems":true},"in2DMode":false,"pivot":{"x":116.31556701660156,"y":-19.410911560058595,"z":35.239139556884769},"rotation":{"x":-0.10403548926115036,"y":0.8942211270332336,"z":-0.2766113877296448,"w":-0.33628129959106448},"size":131.49266052246095,"orthographic":false}
