{"cameraMode":{"drawMode":0,"name":"Shaded","section":"Shading Mode"},"sceneLighting":false,"audioPlay":false,"sceneViewState":{"showFog":true,"showMaterialUpdate":false,"showSkybox":true,"showFlares":true,"showImageEffects":true,"showParticleSystems":true},"in2DMode":false,"pivot":{"x":-1.5231389999389649,"y":-0.8770856857299805,"z":2.465953826904297},"rotation":{"x":-0.11221230030059815,"y":0.8650004267692566,"z":-0.22300025820732118,"w":-0.43526268005371096},"size":17.02139663696289,"orthographic":false}