{"cameraMode":{"drawMode":0,"name":"Shaded","section":"Shading Mode"},"sceneLighting":true,"audioPlay":false,"sceneViewState":{"showFog":true,"showMaterialUpdate":true,"showSkybox":true,"showFlares":true,"showImageEffects":true,"showParticleSystems":true},"in2DMode":false,"pivot":{"x":2.017150402069092,"y":-0.5,"z":-0.09156131744384766},"rotation":{"x":0.15530963242053986,"y":0.32104095816612246,"z":-0.05345775559544563,"w":0.9327121376991272},"size":4.045920372009277,"orthographic":false}