{"cameraMode":{"drawMode":0,"name":"Shaded","section":"Shading Mode"},"sceneLighting":true,"audioPlay":false,"sceneViewState":{"showFog":true,"showMaterialUpdate":true,"showSkybox":true,"showFlares":true,"showImageEffects":true,"showParticleSystems":true},"in2DMode":false,"pivot":{"x":353.488037109375,"y":-343.7856750488281,"z":124.64544677734375},"rotation":{"x":0.25372856855392458,"y":0.422420471906662,"z":-0.12444262206554413,"w":0.8612406253814697},"size":1200.779296875,"orthographic":false}