{"cameraMode":{"drawMode":0,"name":"Shaded","section":"Shading Mode"},"sceneLighting":true,"audioPlay":false,"sceneViewState":{"showFog":true,"showMaterialUpdate":true,"showSkybox":true,"showFlares":true,"showImageEffects":true,"showParticleSystems":true},"in2DMode":false,"pivot":{"x":585.8278198242188,"y":296.42303466796877,"z":-71.85755157470703},"rotation":{"x":-0.0524739995598793,"y":-0.011067626066505909,"z":0.000713347690179944,"w":-0.9985964894294739},"size":233.36810302734376,"orthographic":false}