{"cameraMode":{"drawMode":0,"name":"Shaded","section":"Shading Mode"},"sceneLighting":true,"audioPlay":false,"sceneViewState":{"showFog":true,"showMaterialUpdate":false,"showSkybox":true,"showFlares":true,"showImageEffects":true,"showParticleSystems":true},"in2DMode":false,"pivot":{"x":0.0,"y":0.003537182928994298,"z":0.0021954774856567384},"rotation":{"x":-0.11292701214551926,"y":0.8456325531005859,"z":-0.19783006608486176,"w":-0.48271769285202029},"size":4.077338695526123,"orthographic":false}