{"cameraMode":{"drawMode":0,"name":"Shaded","section":"Shading Mode"},"sceneLighting":true,"audioPlay":false,"sceneViewState":{"showFog":true,"showMaterialUpdate":true,"showSkybox":true,"showFlares":true,"showImageEffects":true,"showParticleSystems":true},"in2DMode":false,"pivot":{"x":47.91064453125,"y":-19.63385009765625,"z":95.364501953125},"rotation":{"x":-0.10403548926115036,"y":0.8942211270332336,"z":-0.2766113877296448,"w":-0.33628129959106448},"size":233.36810302734376,"orthographic":false}