{"cameraMode":{"drawMode":0,"name":"Shaded","section":"Shading Mode"},"sceneLighting":true,"audioPlay":false,"sceneViewState":{"showFog":true,"showMaterialUpdate":true,"showSkybox":true,"showFlares":true,"showImageEffects":true,"showParticleSystems":true},"in2DMode":false,"pivot":{"x":2.0399668216705324,"y":0.09762167930603028,"z":0.5338449478149414},"rotation":{"x":0.12890927493572236,"y":0.48539233207702639,"z":-0.07261638343334198,"w":0.8616883158683777},"size":7.179648399353027,"orthographic":false}