{"cameraMode":{"drawMode":0,"name":"Shaded","section":"Shading Mode"},"sceneLighting":true,"audioPlay":false,"sceneViewState":{"showFog":true,"showMaterialUpdate":false,"showSkybox":true,"showFlares":true,"showImageEffects":true,"showParticleSystems":true},"in2DMode":false,"pivot":{"x":0.0,"y":-0.010000006295740605,"z":5.960464477539063e-8},"rotation":{"x":-0.35289672017097475,"y":-0.25166448950767519,"z":0.09914977103471756,"w":-0.8957110643386841},"size":26.236616134643556,"orthographic":false}