{"cameraMode":{"drawMode":0,"name":"Shaded","section":"Shading Mode"},"sceneLighting":true,"audioPlay":false,"sceneViewState":{"showFog":true,"showMaterialUpdate":false,"showSkybox":true,"showFlares":true,"showImageEffects":true,"showParticleSystems":true},"in2DMode":false,"pivot":{"x":1.4489068984985352,"y":1.0645089149475098,"z":-0.020288944244384767},"rotation":{"x":-0.23233400285243989,"y":-0.44137459993362429,"z":0.11945314705371857,"w":-0.8584535121917725},"size":9.524026870727539,"orthographic":false}