{"cameraMode":{"drawMode":0,"name":"Shaded","section":"Shading Mode"},"sceneLighting":true,"audioPlay":false,"sceneViewState":{"showFog":true,"showMaterialUpdate":true,"showSkybox":true,"showFlares":true,"showImageEffects":true,"showParticleSystems":true},"in2DMode":false,"pivot":{"x":166.03257751464845,"y":-20.51675033569336,"z":16.060714721679689},"rotation":{"x":-0.10517221689224243,"y":-0.855316698551178,"z":0.1917811781167984,"w":-0.46974867582321169},"size":305.1295166015625,"orthographic":false}