{"cameraMode":{"drawMode":0,"name":"Shaded","section":"Shading Mode"},"sceneLighting":true,"audioPlay":false,"sceneViewState":{"showFog":true,"showMaterialUpdate":true,"showSkybox":true,"showFlares":true,"showImageEffects":true,"showParticleSystems":true},"in2DMode":false,"pivot":{"x":-2.4643473625183107,"y":-0.07426893711090088,"z":1.9637584686279297},"rotation":{"x":-0.13273262977600099,"y":-0.21871253848075868,"z":0.029992757365107538,"w":-0.9662668108940125},"size":5.266420364379883,"orthographic":false}