{"cameraMode":{"drawMode":0,"name":"Shaded","section":"Shading Mode"},"sceneLighting":true,"audioPlay":false,"sceneViewState":{"showFog":true,"showMaterialUpdate":false,"showSkybox":true,"showFlares":true,"showImageEffects":true,"showParticleSystems":true},"in2DMode":false,"pivot":{"x":0.3981226682662964,"y":2.3474154472351076,"z":-2.3571410179138185},"rotation":{"x":-0.31748971343040469,"y":-0.22820279002189637,"z":0.07900797575712204,"w":-0.9169972538948059},"size":0.15831071138381959,"orthographic":false}