{"cameraMode":{"drawMode":0,"name":"Shaded","section":"Shading Mode"},"sceneLighting":true,"audioPlay":false,"sceneViewState":{"showFog":true,"showMaterialUpdate":false,"showSkybox":true,"showFlares":true,"showImageEffects":true,"showParticleSystems":true},"in2DMode":false,"pivot":{"x":-3.726289749145508,"y":2.962134838104248,"z":-4.957536697387695},"rotation":{"x":-0.14515334367752076,"y":-0.3070306181907654,"z":0.047443121671676639,"w":-0.9393678903579712},"size":10.0,"orthographic":false}