{"cameraMode":{"drawMode":0,"name":"Shaded","section":"Shading Mode"},"sceneLighting":true,"audioPlay":false,"sceneViewState":{"showFog":true,"showMaterialUpdate":false,"showSkybox":true,"showFlares":true,"showImageEffects":true,"showParticleSystems":true},"in2DMode":false,"pivot":{"x":12.384881973266602,"y":0.550000011920929,"z":3.2795016765594484},"rotation":{"x":0.004250256810337305,"y":0.9383379220962524,"z":-0.3455106019973755,"w":0.011543305590748787},"size":2.857884645462036,"orthographic":false}