{"cameraMode":{"drawMode":0,"name":"Shaded","section":"Shading Mode"},"sceneLighting":true,"audioPlay":false,"sceneViewState":{"showFog":true,"showMaterialUpdate":false,"showSkybox":true,"showFlares":true,"showImageEffects":true,"showParticleSystems":true},"in2DMode":false,"pivot":{"x":196.36346435546876,"y":38.42945098876953,"z":53.751399993896487},"rotation":{"x":-0.006197841838002205,"y":-0.4581349492073059,"z":0.0017635335680097342,"w":-0.889268159866333},"size":409.8606872558594,"orthographic":false}