{"cameraMode":{"drawMode":0,"name":"Shaded","section":"Shading Mode"},"sceneLighting":true,"audioPlay":false,"sceneViewState":{"showFog":true,"showMaterialUpdate":false,"showSkybox":true,"showFlares":true,"showImageEffects":true,"showParticleSystems":true},"in2DMode":false,"pivot":{"x":-83.33685302734375,"y":-194.42410278320313,"z":-135.18955993652345},"rotation":{"x":-0.34652408957481387,"y":0.6105530261993408,"z":-0.33888763189315798,"w":-0.6268945336341858},"size":523.6959228515625,"orthographic":false}