{"cameraMode":{"drawMode":0,"name":"Shaded","section":"Shading Mode"},"sceneLighting":false,"audioPlay":false,"sceneViewState":{"showFog":true,"showMaterialUpdate":false,"showSkybox":false,"showFlares":true,"showImageEffects":true,"showParticleSystems":true},"in2DMode":false,"pivot":{"x":-110.68988037109375,"y":3.185584783554077,"z":-33.99287796020508},"rotation":{"x":-0.06052260100841522,"y":0.938630998134613,"z":-0.24706126749515534,"w":-0.23420751094818116},"size":13.039732933044434,"orthographic":false}