{"cameraMode":{"drawMode":0,"name":"Shaded","section":"Shading Mode"},"sceneLighting":true,"audioPlay":false,"sceneViewState":{"showFog":true,"showMaterialUpdate":false,"showSkybox":true,"showFlares":true,"showImageEffects":true,"showParticleSystems":true},"in2DMode":false,"pivot":{"x":-7.416530609130859,"y":4.94960880279541,"z":14.334976196289063},"rotation":{"x":0.06759156286716461,"y":0.2947794198989868,"z":-0.02090778760612011,"w":0.9529591798782349},"size":61.43389129638672,"orthographic":false}