{"cameraMode":{"drawMode":0,"name":"Shaded","section":"Shading Mode"},"sceneLighting":true,"audioPlay":false,"sceneViewState":{"showFog":true,"showMaterialUpdate":true,"showSkybox":true,"showFlares":true,"showImageEffects":true,"showParticleSystems":true},"in2DMode":false,"pivot":{"x":115.7853012084961,"y":-2.952280044555664,"z":39.30335235595703},"rotation":{"x":-0.05026283115148544,"y":0.9474192261695862,"z":-0.25488635897636416,"w":-0.18682830035686494},"size":47.43269348144531,"orthographic":false}